booking_id,booking_date,checkin_date,checkout_date,nights,hotel_code,hotel_name,city,country,stars,hotel_rooms,room_type,guest_code,channel,payment_method,has_breakfast,guests_count,price_per_night,total_amount,status
B1369,2026-03-25,2026-03-27,2026-03-30,3,H03,Vistula Grand,Warsaw,Poland,5,25,Deluxe,G01,Booking.com,Card,Y,2,177,531,Completed
B1302,2025-06-05,2025-06-08,2025-06-10,2,H01,Dnipro Plaza,Kyiv,Ukraine,4,20,Deluxe,G08,Travel Agent,Cash,Y,1,128,256,Completed
B1203,2026-05-18,2026-06-08,2026-06-11,3,H01,Dnipro Plaza,Kyiv,Ukraine,4,20,Suite,G05,Travel Agent,Cash,Y,1,163,489,Completed
B1253,2025-06-22,2025-06-23,2025-06-24,1,H03,Vistula Grand,Warsaw,Poland,5,25,Deluxe,G03,Travel Agent,Cash,Y,2,203,203,Completed
B1185,2025-02-06,2025-02-07,2025-02-09,2,H01,Dnipro Plaza,Kyiv,Ukraine,4,20,Deluxe,G04,Direct,Cash,N,1,122,244,Completed
B1232,2025-02-02,2025-02-16,2025-02-17,1,H01,Dnipro Plaza,Kyiv,Ukraine,4,20,Suite,G11,Travel Agent,Cash,Y,2,165,165,Completed
B1353,2026-01-24,2026-01-24,2026-01-25,1,H01,Dnipro Plaza,Kyiv,Ukraine,4,20,Deluxe,G11,Direct,Card,N,2,143,143,Confirmed
B1110,2025-02-13,2025-02-14,2025-02-17,3,H01,Dnipro Plaza,Kyiv,Ukraine,4,20,Suite,G13,Direct,Card,Y,1,203,609,Completed
B1293,2025-05-30,2025-06-06,2025-06-08,2,H01,Dnipro Plaza,Kyiv,Ukraine,4,20,Standard,G17,Booking.com,Card,N,1,108,216,Completed
B1178,2025-01-22,2025-01-25,2025-02-01,7,H02,Rynok Hotel,Lviv,Ukraine,3,15,Suite,G09,Direct,Cash,Y,1,134,938,Cancelled
B1281,2025-08-15,2025-08-17,2025-08-18,1,H03,Vistula Grand,Warsaw,Poland,5,25,Suite,G08,Direct,Cash,Y,1,250,250,Completed
B1222,2025-11-15,2025-11-17,2025-11-18,1,H04,Wawel Inn,Krakow,Poland,3,12,Suite,G01,Travel Agent,Card,N,1,125,125,Completed
B1304,2025-03-16,2025-03-21,2025-03-23,2,H01,Dnipro Plaza,Kyiv,Ukraine,4,20,Deluxe,G16,Direct,Card,N,3,147,294,Completed
B1318,2025-06-18,2025-07-02,2025-07-04,2,H03,Vistula Grand,Warsaw,Poland,5,25,Suite,G03,Travel Agent,Card,N,2,309,618,Confirmed
B1319,2025-09-03,2025-09-06,2025-09-09,3,H02,Rynok Hotel,Lviv,Ukraine,3,15,Deluxe,G13,Travel Agent,Card,N,2,105,315,Completed
B1074,2025-03-22,2025-03-25,2025-03-27,2,H02,Rynok Hotel,Lviv,Ukraine,3,15,Standard,G16,Travel Agent,Card,N,1,72,144,Completed
B1072,2025-03-08,2025-03-08,2025-03-12,4,H01,Dnipro Plaza,Kyiv,Ukraine,4,20,Deluxe,G13,Booking.com,Card,N,3,140,560,Confirmed
B1280,2025-11-26,2025-11-27,2025-11-30,3,H02,Rynok Hotel,Lviv,Ukraine,3,15,Suite,G16,Booking.com,Card,N,2,158,474,Completed
B1232,2025-02-02,2025-02-16,2025-02-17,1,H01,Dnipro Plaza,Kyiv,Ukraine,4,20,Suite,G11,Travel Agent,Cash,Y,2,165,165,Completed
B1256,2026-05-29,2026-05-30,2026-05-31,1,H01,Dnipro Plaza,Kyiv,Ukraine,4,20,Standard,G19,Direct,Card,N,2,97,97,Completed
B1153,2026-04-08,2026-04-13,2026-04-16,3,H03,Vistula Grand,Warsaw,Poland,5,25,Deluxe,G10,Direct,Card,Y,2,178,534,Confirmed
B1176,2025-02-07,2025-02-09,2025-02-12,3,H01,Dnipro Plaza,Kyiv,Ukraine,4,20,Deluxe,G17,Booking.com,Card,Y,1,133,399,Completed
B1040,2025-08-24,2025-08-25,2025-08-26,1,H02,Rynok Hotel,Lviv,Ukraine,3,15,Suite,G15,Direct,Cash,Y,2,141,141,Completed
B1210,2025-10-04,2025-10-06,2025-10-09,3,H04,Wawel Inn,Krakow,Poland,3,12,Standard,G07,Booking.com,Card,N,1,57,171,Cancelled
B1355,2026-03-27,2026-03-28,2026-03-31,3,H01,Dnipro Plaza,Kyiv,Ukraine,4,20,deluxe,G16,Travel Agent,Card,N,2,120,360,Completed
B1361,2026-06-17,2026-06-24,2026-06-27,3,H01,Dnipro Plaza,Kyiv,Ukraine,4,20,Suite,G12,Direct,Card,N,1,175,525,Confirmed
B1023,2026-06-04,2026-06-07,2026-06-10,3,H03,Vistula Grand,Warsaw,Poland,5,25,Suite,G05,Direct,Cash,N,1,304,912,Completed
B1236,2025-03-29,2025-03-31,2025-04-03,3,H03,Vistula Grand,Warsaw,Poland,5,25,Suite,G12,Booking.com,Card,Y,2,279,837,Completed
B1261,2026-05-05,2026-05-05,2026-05-09,4,H03,Vistula Grand,Warsaw,Poland,5,25,Suite,G18,Travel Agent,Cash,N,1,294,1176,Completed
B1226,2025-03-15,2025-03-15,2025-03-16,1,H04,Wawel Inn,Krakow,Poland,3,12,Standard,G19,Booking.com,Card,N,1,67,67,Completed
B1025,2026-04-24,2026-04-27,2026-04-30,3,H01,Dnipro Plaza,Kyiv,Ukraine,4,20,Deluxe,G06,Direct,Card,N,3,147,441,Completed
B1006,2025-05-21,2025-06-04,2025-06-09,5,H03,Vistula Grand,Warsaw,Poland,5,25,Suite,G13,Booking.com,Card,Y,1,266,1330,Completed
B1367,2025-12-12,2025-12-19,2025-12-20,1,H01,Dnipro Plaza,Kyiv,Ukraine,4,20,Deluxe,G18,Travel Agent,Card,Y,3,119,119,Completed
B1053,2025-09-24,2025-10-08,2025-10-11,3,H03,Vistula Grand,Warsaw,Poland,5,25,Deluxe,G04,Booking.com,Card,Y,2,194,582,Completed
B1316,2026-05-25,2026-06-01,2026-06-06,5,H01,Dnipro Plaza,Kyiv,Ukraine,4,20,Standard,G14,Direct,Cash,Y,2,104,520,Cancelled
B1251,2026-01-07,2026-01-10,2026-01-12,2,H04,Wawel Inn,Krakow,Poland,3,12,Deluxe,G11,Booking.com,Card,N,2,77,154,Confirmed
B1120,2025-12-01,2025-12-08,2025-12-09,1,H03,Vistula Grand,Warsaw,Poland,5,25,Standard,G06,Travel Agent,Card,Y,1,127,127,Completed
B1300,2025-04-04,2025-04-04,2025-04-06,2,H03,Vistula Grand,Warsaw,Poland,5,25,Suite,G05,Travel Agent,Cash,Y,3,305,610,Completed
B1181,2025-08-21,2025-08-24,2025-08-25,1,H04,Wawel Inn,Krakow,Poland,3,12,Suite,G14,Direct,Cash,Y,1,122,122,Cancelled
B1230,2026-02-17,2026-02-17,2026-02-22,5,H04,Wawel Inn,Krakow,Poland,3,12,Deluxe,G20,Direct,Cash,Y,1,88,440,Completed
B1164,2025-07-23,2025-07-28,2025-07-31,3,H04,Wawel Inn,Krakow,Poland,3,12,suite,G12,Booking.com,Card,N,1,112,336,Completed
B1344,2025-02-01,2025-02-04,2025-02-08,4,H01,Dnipro Plaza,Kyiv,Ukraine,4,20,Suite,G03,Booking.com,Card,N,2,176,704,Completed
B1009,2026-03-28,2026-03-30,2026-03-31,1,H01,Dnipro Plaza,Kyiv,Ukraine,4,20,standard,G12,Direct,Card,Y,1,81,81,Completed
B1131,2026-01-21,2026-01-26,2026-02-02,7,H02,Rynok Hotel,Lviv,Ukraine,3,15,Deluxe,G12,Travel Agent,Cash,Y,2,88,616,Completed
B1061,2025-11-05,2025-11-26,2025-11-28,2,H03,Vistula Grand,Warsaw,Poland,5,25,Suite,G17,Direct,Cash,Y,2,299,598,Completed
B1145,2025-09-22,2025-09-27,2025-09-28,1,H01,Dnipro Plaza,Kyiv,Ukraine,4,20,Deluxe,G16,Travel Agent,Card,Y,2,114,114,Confirmed
B1041,2025-09-08,2025-09-29,2025-10-01,2,H04,Wawel Inn,Krakow,Poland,3,12,Standard,G17,Travel Agent,Card,Y,2,67,134,Completed
B1400,2025-10-06,2025-10-06,2025-10-07,1,H01,Dnipro Plaza,Kyiv,Ukraine,4,20,Standard,G06,Direct,Card,Y,1,83,83,Cancelled
B1052,2025-10-21,2025-11-11,2025-11-12,1,H02,Rynok Hotel,Lviv,Ukraine,3,15,Standard,G10,Booking.com,Card,N,1,73,73,Confirmed
B1375,2025-05-14,2025-05-21,2025-05-23,2,H02,Rynok Hotel,Lviv,Ukraine,3,15,Standard,G12,Travel Agent,Cash,N,1,71,142,Completed
B1345,2026-02-14,2026-02-28,2026-03-02,2,H04,Wawel Inn,Krakow,Poland,3,12,Standard,G18,Direct,Cash,N,2,66,132,Completed
B1177,2025-11-25,2025-12-09,2025-12-12,3,H01,Dnipro Plaza,Kyiv,Ukraine,4,20,Deluxe,G15,Travel Agent,Cash,Y,2,146,438,Completed
B1343,2025-04-24,2025-05-15,2025-05-16,1,H03,Vistula Grand,Warsaw,Poland,5,25,Deluxe,G18,Direct,Card,Y,1,193,193,Cancelled
B1376,2025-09-12,2025-09-14,2025-09-16,2,H04,Wawel Inn,Krakow,Poland,3,12,Standard,G13,Direct,Card,N,1,58,116,Confirmed
B1221,2025-09-25,2025-09-27,2025-09-29,2,H02,Rynok Hotel,Lviv,Ukraine,3,15,Suite,G12,Direct,Card,N,2,137,274,Completed
B1057,2026-01-29,2026-02-12,2026-02-15,3,H04,Wawel Inn,Krakow,Poland,3,12,Deluxe,G02,Direct,Card,N,2,97,291,Confirmed
B1216,2025-09-12,2025-09-26,2025-09-28,2,H01,Dnipro Plaza,Kyiv,Ukraine,4,20,Standard,G20,Booking.com,Card,Y,2,89,178,Completed
B1336,2025-09-29,2025-10-02,2025-10-07,5,H01,Dnipro Plaza,Kyiv,Ukraine,4,20,Suite,G04,Booking.com,Card,N,1,199,995,Completed
B1252,2025-08-29,2025-09-05,2025-09-06,1,H02,Rynok Hotel,Lviv,Ukraine,3,15,standard,G13,Travel Agent,Cash,N,1,82,82,Confirmed
B1058,2026-04-30,2026-05-21,2026-05-22,1,H04,Wawel Inn,Krakow,Poland,3,12,Suite,G08,Booking.com,Card,Y,1,139,139,Completed
B1107,2025-06-23,2025-06-28,2025-07-03,5,H02,Rynok Hotel,Lviv,Ukraine,3,15,Standard,G07,Booking.com,Card,N,1,79,395,Completed
B1397,2026-04-11,2026-04-18,2026-04-21,3,H03,Vistula Grand,Warsaw,Poland,5,25,Deluxe,G11,Booking.com,Card,Y,2,202,606,Completed
B1144,2025-06-28,2025-06-29,2025-07-02,3,H01,Dnipro Plaza,Kyiv,Ukraine,4,20,Deluxe,G12,Travel Agent,Card,Y,2,143,429,Completed
B1359,2026-01-26,2026-01-26,2026-01-27,1,H01,Dnipro Plaza,Kyiv,Ukraine,4,20,Suite,G02,Direct,Card,N,2,197,197,Completed
B1150,2025-06-19,2025-07-10,2025-07-13,3,H03,Vistula Grand,Warsaw,Poland,5,25,deluxe,G16,Travel Agent,Cash,Y,1,216,648,Confirmed
B1364,2025-10-28,2025-11-18,2025-11-20,2,H02,Rynok Hotel,Lviv,Ukraine,3,15,Deluxe,G01,Booking.com,Card,N,1,111,222,Completed
B1171,2025-10-28,2025-10-30,2025-11-06,7,H01,Dnipro Plaza,Kyiv,Ukraine,4,20,deluxe,G17,Booking.com,Card,Y,2,144,1008,Confirmed
B1214,2026-01-06,2026-01-11,2026-01-12,1,H03,Vistula Grand,Warsaw,Poland,5,25,standard,G10,Direct,Cash,N,2,126,126,Cancelled
B1077,2025-09-11,2025-09-13,2025-09-14,1,H02,Rynok Hotel,Lviv,Ukraine,3,15,Deluxe,,Travel Agent,Card,Y,1,114,114,Cancelled
B1022,2025-04-11,2025-05-02,2025-05-05,3,H01,Dnipro Plaza,Kyiv,Ukraine,4,20,Deluxe,G09,Travel Agent,Card,N,2,126,378,Confirmed
B1129,2025-11-07,2025-11-21,2025-11-26,5,H02,Rynok Hotel,Lviv,Ukraine,3,15,Deluxe,G03,Direct,Card,Y,2,102,510,Completed
B1147,2026-04-29,2026-05-02,2026-05-07,5,H01,Dnipro Plaza,Kyiv,Ukraine,4,20,Deluxe,G03,Travel Agent,Card,Y,3,114,570,Completed
B1321,2026-05-16,2026-05-16,2026-05-23,7,H04,Wawel Inn,Krakow,Poland,3,12,Deluxe,G15,Booking.com,Card,Y,1,86,602,Completed
B1182,2026-01-07,2026-01-14,2026-01-16,2,H03,Vistula Grand,Warsaw,Poland,5,25,Suite,G13,Travel Agent,Cash,Y,1,268,536,Completed
B1381,2025-09-29,2025-10-20,2025-10-25,5,H04,Wawel Inn,Krakow,Poland,3,12,Suite,G11,Booking.com,Card,Y,1,113,565,Completed
B1255,2025-09-21,2025-09-21,2025-09-25,4,H03,Vistula Grand,Warsaw,Poland,5,25,Standard,G13,Direct,Card,N,1,144,576,Completed
B1100,2025-02-25,2025-02-25,2025-02-28,3,H03,Vistula Grand,Warsaw,Poland,5,25,Standard,G14,Travel Agent,Card,N,2,137,411,Completed
B1138,2025-03-19,2025-03-21,2025-03-24,3,H01,Dnipro Plaza,Kyiv,Ukraine,4,20,Standard,G04,Travel Agent,Cash,N,2,97,291,Confirmed
B1043,2025-10-22,2025-10-22,2025-10-25,3,H02,Rynok Hotel,Lviv,Ukraine,3,15,standard,,Booking.com,Card,N,2,76,228,Completed
B1184,2025-08-19,2025-08-21,2025-08-23,2,H04,Wawel Inn,Krakow,Poland,3,12,Deluxe,G20,Direct,Card,N,3,92,184,Completed
B1042,2025-03-18,2025-03-23,2025-03-24,1,H02,Rynok Hotel,Lviv,Ukraine,3,15,Standard,G16,Booking.com,Card,N,1,79,79,Cancelled
B1296,2025-12-16,2025-12-19,2025-12-21,2,H01,Dnipro Plaza,Kyiv,Ukraine,4,20,Suite,G14,Travel Agent,Card,N,1,179,358,Completed
B1127,2026-06-19,2026-06-26,2026-06-28,2,H04,Wawel Inn,Krakow,Poland,3,12,Standard,G17,Direct,Cash,Y,2,72,144,Completed
B1208,2026-02-10,2026-02-17,2026-02-18,1,H04,Wawel Inn,Krakow,Poland,3,12,Deluxe,G14,Direct,Card,N,2,86,86,Completed
B1135,2025-04-03,2025-04-08,2025-04-09,1,H02,Rynok Hotel,Lviv,Ukraine,3,15,suite,G04,Booking.com,Card,Y,1,129,129,Completed
B1249,2026-04-16,2026-04-16,2026-04-19,3,H02,Rynok Hotel,Lviv,Ukraine,3,15,Deluxe,G12,Direct,Cash,Y,3,100,300,Completed
B1021,2025-06-03,2025-06-05,2025-06-06,1,H01,Dnipro Plaza,Kyiv,Ukraine,4,20,Suite,G04,Travel Agent,Cash,Y,1,165,165,Completed
B1227,2026-03-21,2026-04-11,2026-04-12,1,H03,Vistula Grand,Warsaw,Poland,5,25,Standard,G20,Direct,Cash,N,2,131,131,Completed
B1190,2025-12-23,2026-01-13,2026-01-16,3,H04,Wawel Inn,Krakow,Poland,3,12,Deluxe,G05,Direct,Card,N,1,85,255,Completed
B1352,2025-10-12,2025-10-26,2025-10-30,4,H04,Wawel Inn,Krakow,Poland,3,12,Standard,G05,Booking.com,Card,Y,1,69,276,Completed
B1240,2026-05-02,2026-05-03,2026-05-04,1,H01,Dnipro Plaza,Kyiv,Ukraine,4,20,Deluxe,G02,Booking.com,Card,Y,2,122,122,Cancelled
B1213,2025-01-30,2025-02-01,2025-02-03,2,H04,Wawel Inn,Krakow,Poland,3,12,Suite,G11,Direct,Card,Y,2,111,222,Completed
B1195,2025-12-05,2025-12-12,2025-12-19,7,H02,Rynok Hotel,Lviv,Ukraine,3,15,Deluxe,G01,Booking.com,Card,Y,1,94,658,Completed
B1228,2025-01-29,2025-01-29,2025-02-02,4,H02,Rynok Hotel,Lviv,Ukraine,3,15,Deluxe,G04,Travel Agent,Card,N,2,99,396,Completed
B1348,2025-01-17,2025-01-18,2025-01-20,2,H04,Wawel Inn,Krakow,Poland,3,12,Standard,G18,Travel Agent,Cash,N,2,69,138,Completed
B1201,2025-01-03,2025-01-08,2025-01-11,3,H01,Dnipro Plaza,Kyiv,Ukraine,4,20,Deluxe,G01,Direct,Card,Y,1,128,384,Confirmed
B1380,2026-01-21,2026-01-22,2026-01-23,1,H04,Wawel Inn,Krakow,Poland,3,12,Suite,G17,Travel Agent,Card,N,1,110,110,Completed
B1038,2025-08-27,2025-08-28,2025-08-31,3,H02,Rynok Hotel,Lviv,Ukraine,3,15,Suite,,Travel Agent,Cash,N,1,163,489,Confirmed
B1363,2026-02-22,2026-02-25,2026-03-02,5,H01,Dnipro Plaza,Kyiv,Ukraine,4,20,Standard,G05,Travel Agent,Card,N,2,104,520,Completed
B1024,2025-03-16,2025-03-19,2025-03-21,2,H02,Rynok Hotel,Lviv,Ukraine,3,15,Suite,G12,Direct,Card,Y,1,139,278,Completed
B1012,2025-01-28,2025-02-02,2025-02-09,7,H01,Dnipro Plaza,Kyiv,Ukraine,4,20,Suite,G06,Travel Agent,Cash,N,2,208,1456,Completed
B1200,2026-06-08,2026-06-11,2026-06-13,2,H02,Rynok Hotel,Lviv,Ukraine,3,15,Deluxe,G12,Travel Agent,Card,Y,2,94,188,Completed
B1155,2025-08-28,2025-09-02,2025-09-05,3,H04,Wawel Inn,Krakow,Poland,3,12,Deluxe,G19,Booking.com,Card,Y,2,93,279,Completed
B1092,2025-04-04,2025-04-25,2025-04-27,2,H01,Dnipro Plaza,Kyiv,Ukraine,4,20,Standard,G17,Direct,Cash,Y,1,98,196,Completed
B1193,2026-04-14,2026-04-19,2026-04-22,3,H03,Vistula Grand,Warsaw,Poland,5,25,Deluxe,G11,Travel Agent,Cash,Y,2,185,555,Confirmed
B1395,2025-08-27,2025-09-10,2025-09-11,1,H02,Rynok Hotel,Lviv,Ukraine,3,15,Suite,G12,Direct,Card,N,1,143,143,Completed
B1317,2025-06-16,2025-07-07,2025-07-10,3,H04,Wawel Inn,Krakow,Poland,3,12,Standard,G02,Travel Agent,Cash,N,2,59,177,Confirmed
B1076,2025-08-29,2025-08-30,2025-09-03,4,H03,Vistula Grand,Warsaw,Poland,5,25,Deluxe,G12,Booking.com,Card,N,2,179,716,Completed
B1388,2025-01-01,2025-01-03,2025-01-06,3,H03,Vistula Grand,Warsaw,Poland,5,25,Suite,G05,Travel Agent,Cash,N,1,269,807,Completed
B1005,2025-08-12,2025-08-17,2025-08-18,1,H02,Rynok Hotel,Lviv,Ukraine,3,15,Deluxe,G03,Booking.com,Card,Y,2,100,100,Completed
B1212,2025-09-10,2025-09-24,2025-09-27,3,H02,Rynok Hotel,Lviv,Ukraine,3,15,Standard,G18,Direct,Card,N,2,81,243,Confirmed
B1152,2025-12-07,2025-12-07,2025-12-11,4,H03,Vistula Grand,Warsaw,Poland,5,25,suite,G13,Direct,Cash,N,2,267,1068,Confirmed
B1337,2025-05-01,2025-05-15,2025-05-17,2,H03,Vistula Grand,Warsaw,Poland,5,25,Deluxe,G12,Booking.com,Card,Y,2,185,370,Completed
B1396,2026-01-09,2026-01-11,2026-01-18,7,H02,Rynok Hotel,Lviv,Ukraine,3,15,Deluxe,G13,Travel Agent,Card,N,2,92,644,Completed
B1341,2026-06-06,2026-06-11,2026-06-14,3,H02,Rynok Hotel,Lviv,Ukraine,3,15,Deluxe,G12,Travel Agent,Card,Y,2,91,273,Completed
B1085,2026-01-09,2026-01-30,2026-02-03,4,H02,Rynok Hotel,Lviv,Ukraine,3,15,Standard,G03,Direct,Cash,N,2,64,256,Completed
B1142,2025-03-31,2025-03-31,2025-04-02,2,H04,Wawel Inn,Krakow,Poland,3,12,Suite,G10,Booking.com,Card,Y,1,129,258,Completed
B1284,2025-06-28,2025-06-30,2025-07-01,1,H02,Rynok Hotel,Lviv,Ukraine,3,15,Deluxe,G20,Travel Agent,Card,N,2,103,103,Confirmed
B1265,2025-08-06,2025-08-13,2025-08-17,4,H01,Dnipro Plaza,Kyiv,Ukraine,4,20,Standard,G13,Direct,Card,N,1,99,396,Completed
B1136,2025-05-23,2025-06-13,2025-06-15,2,H01,Dnipro Plaza,Kyiv,Ukraine,4,20,deluxe,G08,Direct,Cash,N,1,131,262,Completed
B1287,2026-01-20,2026-01-27,2026-01-28,1,H03,Vistula Grand,Warsaw,Poland,5,25,deluxe,G12,Travel Agent,Cash,Y,1,187,187,Completed
B1383,2025-02-02,2025-02-05,2025-02-09,4,H02,Rynok Hotel,Lviv,Ukraine,3,15,suite,G11,Booking.com,Card,Y,3,141,564,Completed
B1086,2025-12-23,2025-12-28,2025-12-29,1,H02,Rynok Hotel,Lviv,Ukraine,3,15,Standard,G07,Booking.com,Card,N,1,65,65,Cancelled
B1166,2025-03-21,2025-03-28,2025-04-02,5,H02,Rynok Hotel,Lviv,Ukraine,3,15,Deluxe,G01,Booking.com,Card,Y,2,116,580,Completed
B1113,2025-11-25,2025-12-16,2025-12-21,5,H01,Dnipro Plaza,Kyiv,Ukraine,4,20,Deluxe,G12,Travel Agent,Card,N,2,115,575,Completed
B1002,2025-10-22,2025-10-23,2025-10-24,1,H04,Wawel Inn,Krakow,Poland,3,12,Standard,G14,Direct,Cash,Y,3,68,68,Completed
B1307,2025-03-13,2025-04-03,2025-04-04,1,H01,Dnipro Plaza,Kyiv,Ukraine,4,20,Standard,G02,Booking.com,Card,Y,1,97,97,Completed
B1115,2026-05-19,2026-05-21,2026-05-28,7,H03,Vistula Grand,Warsaw,Poland,5,25,Suite,G07,Direct,Cash,Y,2,254,1778,Completed
B1392,2026-06-10,2026-06-11,2026-06-13,2,H04,Wawel Inn,Krakow,Poland,3,12,Suite,G17,Travel Agent,Cash,Y,2,127,254,Completed
B1189,2025-09-02,2025-09-09,2025-09-12,3,H04,Wawel Inn,Krakow,Poland,3,12,Deluxe,G02,Direct,Cash,Y,1,83,249,Completed
B1247,2026-04-05,2026-04-19,2026-04-20,1,H01,Dnipro Plaza,Kyiv,Ukraine,4,20,Deluxe,G05,Direct,Cash,Y,1,126,126,Confirmed
B1278,2025-02-04,2025-02-04,2025-02-06,2,H03,Vistula Grand,Warsaw,Poland,5,25,Suite,G15,Travel Agent,Cash,Y,2,284,568,Completed
B1137,2025-01-07,2025-01-09,2025-01-13,4,H04,Wawel Inn,Krakow,Poland,3,12,Suite,G15,Travel Agent,Cash,N,2,128,512,Cancelled
B1391,2025-04-17,2025-04-17,2025-04-22,5,H01,Dnipro Plaza,Kyiv,Ukraine,4,20,Deluxe,G14,Direct,Card,Y,2,142,710,Confirmed
B1180,2025-02-16,2025-02-21,2025-02-22,1,H04,Wawel Inn,Krakow,Poland,3,12,Suite,G04,Booking.com,Card,Y,1,126,126,Confirmed
B1161,2026-04-15,2026-05-06,2026-05-11,5,H01,Dnipro Plaza,Kyiv,Ukraine,4,20,Suite,G09,Direct,Card,N,2,197,985,Completed
B1140,2025-08-04,2025-08-09,2025-08-11,2,H04,Wawel Inn,Krakow,Poland,3,12,Deluxe,G10,Booking.com,Card,N,2,90,180,Completed
B1197,2025-12-26,2026-01-16,2026-01-21,5,H01,Dnipro Plaza,Kyiv,Ukraine,4,20,Suite,G12,Booking.com,Card,N,2,174,870,Cancelled
B1275,2026-01-07,2026-01-12,2026-01-13,1,H01,Dnipro Plaza,Kyiv,Ukraine,4,20,Suite,G18,Booking.com,Card,N,2,187,187,Cancelled
B1080,2025-09-24,2025-09-24,2025-09-25,1,H03,Vistula Grand,Warsaw,Poland,5,25,Standard,G05,Booking.com,Card,Y,1,118,118,Completed
B1103,2025-02-15,2025-02-15,2025-02-17,2,H04,Wawel Inn,Krakow,Poland,3,12,Standard,G01,Direct,Card,Y,1,58,116,Completed
B1374,2025-05-28,2025-06-18,2025-06-19,1,H01,Dnipro Plaza,Kyiv,Ukraine,4,20,deluxe,G02,Direct,Card,Y,1,123,123,Completed
B1051,2026-03-15,2026-03-15,2026-03-19,4,H04,Wawel Inn,Krakow,Poland,3,12,Suite,G02,Travel Agent,Card,N,2,128,512,Confirmed
B1270,2025-05-17,2025-05-22,2025-05-23,1,H03,Vistula Grand,Warsaw,Poland,5,25,Standard,G13,Booking.com,Card,Y,2,146,146,Completed
B1128,2025-02-27,2025-03-04,2025-03-06,2,H04,Wawel Inn,Krakow,Poland,3,12,Standard,G14,Booking.com,Card,N,2,54,108,Completed
B1297,2026-03-26,2026-03-31,2026-04-01,1,H02,Rynok Hotel,Lviv,Ukraine,3,15,Suite,G15,Booking.com,Card,Y,3,152,152,Completed
B1019,2025-08-05,2025-08-05,2025-08-07,2,H03,Vistula Grand,Warsaw,Poland,5,25,Suite,G09,Travel Agent,Cash,N,2,253,506,Completed
B1333,2025-11-24,2025-12-08,2025-12-12,4,H04,Wawel Inn,Krakow,Poland,3,12,Deluxe,G17,Travel Agent,Cash,N,2,78,312,Confirmed
B1194,2026-05-27,2026-06-10,2026-06-12,2,H02,Rynok Hotel,Lviv,Ukraine,3,15,Suite,G19,Direct,Cash,N,2,139,278,Completed
B1347,2026-06-13,2026-06-13,2026-06-15,2,H02,Rynok Hotel,Lviv,Ukraine,3,15,Suite,G07,Booking.com,Card,N,2,157,314,Cancelled
B1399,2025-09-19,2025-09-21,2025-09-25,4,H04,Wawel Inn,Krakow,Poland,3,12,Suite,G07,Travel Agent,Card,Y,2,140,560,Completed
B1250,2025-04-08,2025-04-11,2025-04-15,4,H01,Dnipro Plaza,Kyiv,Ukraine,4,20,Deluxe,G03,Direct,Card,N,3,143,572,Completed
B1031,2025-04-23,2025-04-25,2025-04-27,2,H02,Rynok Hotel,Lviv,Ukraine,3,15,Standard,G17,Travel Agent,Cash,Y,1,83,166,Completed
B1346,2026-05-05,2026-05-07,2026-05-09,2,H04,Wawel Inn,Krakow,Poland,3,12,Standard,G13,Direct,Card,Y,1,60,120,Completed
B1301,2025-06-13,2025-07-04,2025-07-06,2,H02,Rynok Hotel,Lviv,Ukraine,3,15,suite,G10,Travel Agent,Card,N,1,159,318,Confirmed
B1241,2026-04-16,2026-04-21,2026-04-22,1,H02,Rynok Hotel,Lviv,Ukraine,3,15,Deluxe,,Direct,Card,Y,3,115,115,Confirmed
B1093,2026-01-22,2026-01-24,2026-01-25,1,H01,Dnipro Plaza,Kyiv,Ukraine,4,20,Suite,G05,Direct,Card,N,1,202,202,Confirmed
B1225,2025-10-15,2025-10-20,2025-10-21,1,H03,Vistula Grand,Warsaw,Poland,5,25,Deluxe,G15,Direct,Cash,N,2,216,216,Completed
B1282,2025-07-01,2025-07-01,2025-07-03,2,H03,Vistula Grand,Warsaw,Poland,5,25,Deluxe,G13,Direct,Cash,Y,1,171,342,Completed
B1119,2025-08-25,2025-08-27,2025-08-29,2,H02,Rynok Hotel,Lviv,Ukraine,3,15,Suite,G20,Booking.com,Card,Y,2,134,268,Cancelled
B1338,2026-06-18,2026-07-02,2026-07-05,3,H03,Vistula Grand,Warsaw,Poland,5,25,Standard,G14,Travel Agent,Card,Y,2,125,375,Confirmed
B1172,2025-10-21,2025-10-23,2025-10-25,2,H01,Dnipro Plaza,Kyiv,Ukraine,4,20,Deluxe,,Travel Agent,Card,Y,2,122,244,Completed
B1117,2026-01-16,2026-01-19,2026-01-21,2,H04,Wawel Inn,Krakow,Poland,3,12,Suite,G08,Booking.com,Card,N,1,126,252,Completed
B1141,2026-05-31,2026-06-05,2026-06-10,5,H03,Vistula Grand,Warsaw,Poland,5,25,Standard,G07,Direct,Cash,N,2,143,715,Completed
B1379,2026-01-05,2026-01-26,2026-01-28,2,H03,Vistula Grand,Warsaw,Poland,5,25,Suite,G16,Travel Agent,Card,Y,2,238,476,Confirmed
B1173,2025-06-29,2025-07-02,2025-07-05,3,H01,Dnipro Plaza,Kyiv,Ukraine,4,20,Suite,G06,Booking.com,Card,Y,1,201,603,Completed
B1295,2025-09-21,2025-09-26,2025-09-27,1,H01,Dnipro Plaza,Kyiv,Ukraine,4,20,Standard,G15,Booking.com,Card,N,2,95,95,Completed
B1205,2025-02-14,2025-03-07,2025-03-08,1,H02,Rynok Hotel,Lviv,Ukraine,3,15,Standard,G11,Direct,Card,Y,3,68,68,Confirmed
B1310,2025-11-29,2025-12-20,2025-12-21,1,H01,Dnipro Plaza,Kyiv,Ukraine,4,20,suite,G13,Direct,Cash,Y,3,176,176,Cancelled
B1313,2025-08-28,2025-08-31,2025-09-03,3,H01,Dnipro Plaza,Kyiv,Ukraine,4,20,Standard,G04,Booking.com,Card,Y,1,83,249,Confirmed
B1220,2026-03-11,2026-04-01,2026-04-06,5,H04,Wawel Inn,Krakow,Poland,3,12,Suite,G14,Travel Agent,Card,Y,2,110,550,Completed
B1262,2025-10-08,2025-10-10,2025-10-12,2,H04,Wawel Inn,Krakow,Poland,3,12,Standard,G05,Booking.com,Card,Y,2,66,132,Cancelled
B1139,2025-02-04,2025-02-07,2025-02-10,3,H02,Rynok Hotel,Lviv,Ukraine,3,15,Deluxe,G11,Travel Agent,Cash,N,2,91,273,Completed
B1334,2025-11-19,2025-11-19,2025-11-20,1,H04,Wawel Inn,Krakow,Poland,3,12,Suite,G03,Travel Agent,Cash,N,1,128,128,Completed
B1324,2025-08-18,2025-08-25,2025-08-30,5,H04,Wawel Inn,Krakow,Poland,3,12,Deluxe,G06,Travel Agent,Card,N,2,88,440,Completed
B1183,2025-12-28,2025-12-31,2026-01-05,5,H01,Dnipro Plaza,Kyiv,Ukraine,4,20,Deluxe,G11,Direct,Card,N,1,118,590,Completed
B1112,2025-07-29,2025-08-03,2025-08-05,2,H04,Wawel Inn,Krakow,Poland,3,12,Deluxe,G10,Booking.com,Card,Y,2,76,152,Completed
B1098,2025-03-25,2025-04-15,2025-04-16,1,H01,Dnipro Plaza,Kyiv,Ukraine,4,20,deluxe,G10,Booking.com,Card,N,2,144,144,Confirmed
B1207,2026-05-12,2026-05-12,2026-05-16,4,H02,Rynok Hotel,Lviv,Ukraine,3,15,Standard,G13,Booking.com,Card,Y,1,67,268,Confirmed
B1168,2025-06-02,2025-06-07,2025-06-09,2,H02,Rynok Hotel,Lviv,Ukraine,3,15,Standard,G11,Travel Agent,Cash,Y,1,64,128,Completed
B1319,2025-09-03,2025-09-06,2025-09-09,3,H02,Rynok Hotel,Lviv,Ukraine,3,15,Deluxe,G13,Travel Agent,Card,N,2,105,315,Completed
B1065,2025-04-22,2025-05-13,2025-05-16,3,H02,Rynok Hotel,Lviv,Ukraine,3,15,Deluxe,G20,Travel Agent,Card,Y,3,100,300,Completed
B1079,2026-04-05,2026-04-12,2026-04-13,1,H03,Vistula Grand,Warsaw,Poland,5,25,standard,G03,Direct,Card,N,2,122,122,Completed
B1306,2025-06-05,2025-06-10,2025-06-11,1,H03,Vistula Grand,Warsaw,Poland,5,25,Deluxe,G12,Direct,Cash,Y,1,188,188,Confirmed
B1291,2025-12-05,2025-12-19,2025-12-23,4,H01,Dnipro Plaza,Kyiv,Ukraine,4,20,Standard,G04,Direct,Card,N,1,87,348,Confirmed
B1014,2025-01-29,2025-02-03,2025-02-05,2,H02,Rynok Hotel,Lviv,Ukraine,3,15,Suite,G15,Booking.com,Card,N,3,151,302,Completed
B1335,2026-02-10,2026-02-15,2026-02-20,5,H01,Dnipro Plaza,Kyiv,Ukraine,4,20,Deluxe,G18,Direct,Card,N,1,130,650,Cancelled
B1063,2026-01-15,2026-01-18,2026-01-20,2,H03,Vistula Grand,Warsaw,Poland,5,25,Suite,G07,Travel Agent,Cash,Y,2,267,534,Confirmed
B1146,2026-03-08,2026-03-22,2026-03-24,2,H01,Dnipro Plaza,Kyiv,Ukraine,4,20,Suite,G16,Travel Agent,Card,N,2,183,366,Completed
B1370,2025-09-23,2025-09-25,2025-09-28,3,H01,Dnipro Plaza,Kyiv,Ukraine,4,20,Suite,G03,Direct,Card,Y,1,183,549,Completed
B1106,2025-09-27,2025-09-27,2025-09-29,2,H04,Wawel Inn,Krakow,Poland,3,12,Suite,G10,Travel Agent,Cash,Y,1,136,272,Completed
B1329,2025-02-17,2025-03-03,2025-03-04,1,H03,Vistula Grand,Warsaw,Poland,5,25,Suite,G18,Booking.com,Card,Y,2,293,293,Cancelled
B1004,2025-11-14,2025-12-05,2025-12-07,2,H04,Wawel Inn,Krakow,Poland,3,12,Suite,G12,Booking.com,Card,Y,2,120,240,Completed
B1240,2026-05-02,2026-05-03,2026-05-04,1,H01,Dnipro Plaza,Kyiv,Ukraine,4,20,Deluxe,G02,Booking.com,Card,Y,2,122,122,Cancelled
B1351,2026-05-03,2026-05-05,2026-05-09,4,H03,Vistula Grand,Warsaw,Poland,5,25,Suite,G09,Booking.com,Card,Y,3,264,1056,Completed
B1073,2025-05-16,2025-06-06,2025-06-07,1,H03,Vistula Grand,Warsaw,Poland,5,25,suite,G11,Travel Agent,Card,N,2,294,294,Confirmed
B1097,2025-04-18,2025-04-23,2025-04-30,7,H04,Wawel Inn,Krakow,Poland,3,12,suite,G13,Booking.com,Card,N,2,137,959,Completed
B1101,2026-05-02,2026-05-04,2026-05-05,1,H02,Rynok Hotel,Lviv,Ukraine,3,15,Suite,G05,Direct,Card,N,2,132,132,Completed
B1091,2026-05-17,2026-06-07,2026-06-08,1,H04,Wawel Inn,Krakow,Poland,3,12,Standard,G04,Booking.com,Card,Y,1,69,69,Completed
B1356,2026-05-25,2026-06-08,2026-06-09,1,H02,Rynok Hotel,Lviv,Ukraine,3,15,Standard,G02,Travel Agent,Card,Y,1,63,63,Cancelled
B1096,2025-10-12,2025-10-19,2025-10-24,5,H02,Rynok Hotel,Lviv,Ukraine,3,15,Deluxe,G12,Travel Agent,Card,N,2,92,460,Completed
B1342,2025-11-29,2025-12-02,2025-12-03,1,H02,Rynok Hotel,Lviv,Ukraine,3,15,Deluxe,G19,Direct,Cash,Y,1,96,96,Confirmed
B1094,2025-06-19,2025-06-22,2025-06-23,1,H03,Vistula Grand,Warsaw,Poland,5,25,Suite,G20,Direct,Cash,N,3,293,293,Completed
B1303,2025-07-08,2025-07-22,2025-07-24,2,H04,Wawel Inn,Krakow,Poland,3,12,Standard,G04,Booking.com,Card,Y,3,55,110,Cancelled
B1082,2026-05-11,2026-05-12,2026-05-14,2,H04,Wawel Inn,Krakow,Poland,3,12,Suite,G06,Travel Agent,Card,N,2,128,256,Completed
B1059,2025-04-22,2025-05-13,2025-05-14,1,H01,Dnipro Plaza,Kyiv,Ukraine,4,20,Standard,,Direct,Card,Y,2,102,102,Completed
B1279,2026-04-27,2026-05-04,2026-05-07,3,H04,Wawel Inn,Krakow,Poland,3,12,Standard,G12,Travel Agent,Cash,Y,1,69,207,Completed
B1010,2026-01-21,2026-01-23,2026-01-26,3,H03,Vistula Grand,Warsaw,Poland,5,25,Suite,,Direct,Card,N,2,262,786,Completed
B1011,2025-05-28,2025-05-29,2025-06-01,3,H03,Vistula Grand,Warsaw,Poland,5,25,Deluxe,G07,Direct,Card,N,1,209,627,Completed
B1156,2025-03-31,2025-04-07,2025-04-11,4,H02,Rynok Hotel,Lviv,Ukraine,3,15,Deluxe,G17,Booking.com,Card,N,2,105,420,Completed
B1258,2025-06-28,2025-06-28,2025-07-03,5,H01,Dnipro Plaza,Kyiv,Ukraine,4,20,Standard,G16,Booking.com,Card,N,1,98,490,Completed
B1196,2026-05-25,2026-05-30,2026-06-04,5,H03,Vistula Grand,Warsaw,Poland,5,25,Suite,G17,Booking.com,Card,N,1,282,1410,Completed
B1254,2025-07-03,2025-07-08,2025-07-11,3,H04,Wawel Inn,Krakow,Poland,3,12,Deluxe,G03,Travel Agent,Cash,N,1,100,300,Completed
B1003,2025-11-18,2025-11-25,2025-11-28,3,H04,Wawel Inn,Krakow,Poland,3,12,Suite,G09,Direct,Card,N,2,137,411,Completed
B1311,2026-05-29,2026-06-01,2026-06-06,5,H01,Dnipro Plaza,Kyiv,Ukraine,4,20,Standard,G19,Booking.com,Card,Y,2,106,530,Completed
B1259,2025-01-14,2025-01-14,2025-01-19,5,H03,Vistula Grand,Warsaw,Poland,5,25,Standard,G06,Travel Agent,Cash,Y,1,133,665,Completed
B1266,2026-02-24,2026-03-10,2026-03-15,5,H02,Rynok Hotel,Lviv,Ukraine,3,15,Standard,G14,Booking.com,Card,Y,1,68,340,Completed
B1001,2026-04-10,2026-04-17,2026-04-19,2,H02,Rynok Hotel,Lviv,Ukraine,3,15,Suite,G17,Direct,Cash,N,3,159,318,Confirmed
B1211,2025-08-02,2025-08-07,2025-08-14,7,H02,Rynok Hotel,Lviv,Ukraine,3,15,Standard,G09,Travel Agent,Card,N,2,81,567,Completed
B1015,2025-08-14,2025-08-15,2025-08-16,1,H02,Rynok Hotel,Lviv,Ukraine,3,15,Deluxe,G16,Travel Agent,Card,N,2,94,94,Completed
B1108,2026-04-26,2026-05-17,2026-05-21,4,H01,Dnipro Plaza,Kyiv,Ukraine,4,20,Standard,G19,Travel Agent,Card,N,2,93,372,Completed
B1169,2026-04-13,2026-05-04,2026-05-05,1,H01,Dnipro Plaza,Kyiv,Ukraine,4,20,suite,G18,Travel Agent,Card,N,2,210,210,Completed
B1288,2025-07-16,2025-07-23,2025-07-24,1,H02,Rynok Hotel,Lviv,Ukraine,3,15,Deluxe,G13,Direct,Cash,N,2,113,113,Completed
B1294,2025-11-02,2025-11-16,2025-11-18,2,H04,Wawel Inn,Krakow,Poland,3,12,Suite,G08,Booking.com,Card,N,2,110,220,Confirmed
B1088,2026-04-30,2026-05-02,2026-05-05,3,H01,Dnipro Plaza,Kyiv,Ukraine,4,20,Deluxe,G12,Direct,Cash,Y,1,149,447,Cancelled
B1218,2025-09-18,2025-10-02,2025-10-05,3,H03,Vistula Grand,Warsaw,Poland,5,25,Standard,G02,Travel Agent,Cash,Y,3,121,363,Completed
B1350,2025-04-15,2025-04-22,2025-04-23,1,H02,Rynok Hotel,Lviv,Ukraine,3,15,Deluxe,G16,Booking.com,Card,Y,3,111,111,Confirmed
B1187,2025-10-22,2025-11-12,2025-11-15,3,H02,Rynok Hotel,Lviv,Ukraine,3,15,Suite,G15,Travel Agent,Cash,N,2,142,426,Completed
B1305,2025-04-01,2025-04-04,2025-04-05,1,H03,Vistula Grand,Warsaw,Poland,5,25,Standard,G02,Booking.com,Card,Y,3,140,140,Completed
B1362,2025-06-01,2025-06-22,2025-06-25,3,H03,Vistula Grand,Warsaw,Poland,5,25,Standard,G04,Direct,Card,Y,2,117,351,Completed
B1083,2025-10-18,2025-10-23,2025-10-25,2,H01,Dnipro Plaza,Kyiv,Ukraine,4,20,Deluxe,G14,Booking.com,Card,N,1,142,284,Confirmed
B1158,2026-05-21,2026-05-28,2026-06-02,5,H03,Vistula Grand,Warsaw,Poland,5,25,Suite,G11,Direct,Card,Y,1,270,1350,Completed
B1283,2026-06-20,2026-06-25,2026-06-27,2,H01,Dnipro Plaza,Kyiv,Ukraine,4,20,Deluxe,G04,Booking.com,Card,N,2,128,256,Confirmed
B1327,2026-01-20,2026-01-20,2026-01-25,5,H04,Wawel Inn,Krakow,Poland,3,12,Deluxe,G04,Direct,Card,N,2,85,425,Confirmed
B1179,2025-07-19,2025-07-24,2025-07-25,1,H04,Wawel Inn,Krakow,Poland,3,12,suite,G04,Booking.com,Card,N,3,117,117,Completed
B1314,2025-06-28,2025-07-03,2025-07-05,2,H04,Wawel Inn,Krakow,Poland,3,12,Suite,G14,Direct,Cash,N,1,141,282,Confirmed
B1121,2025-06-01,2025-06-06,2025-06-09,3,H04,Wawel Inn,Krakow,Poland,3,12,Deluxe,G09,Travel Agent,Card,Y,3,81,243,Completed
B1330,2025-03-28,2025-04-11,2025-04-13,2,H03,Vistula Grand,Warsaw,Poland,5,25,Suite,G06,Booking.com,Card,N,2,304,608,Confirmed
B1066,2025-01-25,2025-01-27,2025-01-29,2,H01,Dnipro Plaza,Kyiv,Ukraine,4,20,Standard,G04,Travel Agent,Cash,Y,3,92,184,Completed
B1008,2025-05-09,2025-05-09,2025-05-11,2,H04,Wawel Inn,Krakow,Poland,3,12,Deluxe,G13,Direct,Cash,Y,1,86,172,Cancelled
B1269,2026-01-05,2026-01-05,2026-01-09,4,H04,Wawel Inn,Krakow,Poland,3,12,Standard,G01,Direct,Cash,Y,1,62,248,Cancelled
B1206,2025-11-07,2025-11-21,2025-11-24,3,H04,Wawel Inn,Krakow,Poland,3,12,Standard,G19,Booking.com,Card,Y,2,58,174,Completed
B1276,2025-10-03,2025-10-17,2025-10-19,2,H04,Wawel Inn,Krakow,Poland,3,12,Deluxe,G13,Booking.com,Card,N,2,100,200,Confirmed
B1132,2026-05-12,2026-05-26,2026-05-29,3,H01,Dnipro Plaza,Kyiv,Ukraine,4,20,Suite,G13,Direct,Cash,Y,1,210,630,Completed
B1277,2025-01-06,2025-01-09,2025-01-12,3,H03,Vistula Grand,Warsaw,Poland,5,25,Suite,G08,Booking.com,Card,Y,2,282,846,Completed
B1363,2026-02-22,2026-02-25,2026-03-02,5,H01,Dnipro Plaza,Kyiv,Ukraine,4,20,Standard,G05,Travel Agent,Card,N,2,104,520,Completed
B1028,2025-07-05,2025-07-10,2025-07-14,4,H04,Wawel Inn,Krakow,Poland,3,12,Suite,G13,Booking.com,Card,Y,2,137,548,Completed
B1339,2025-08-30,2025-09-13,2025-09-15,2,H03,Vistula Grand,Warsaw,Poland,5,25,Suite,G08,Direct,Card,Y,2,296,592,Confirmed
B1246,2025-12-17,2025-12-19,2025-12-21,2,H04,Wawel Inn,Krakow,Poland,3,12,standard,G06,Direct,Card,N,2,68,136,Cancelled
B1292,2026-04-11,2026-04-11,2026-04-15,4,H02,Rynok Hotel,Lviv,Ukraine,3,15,Suite,G19,Direct,Cash,Y,3,140,560,Confirmed
B1050,2025-10-15,2025-10-16,2025-10-17,1,H03,Vistula Grand,Warsaw,Poland,5,25,Suite,G14,Direct,Cash,N,1,307,307,Completed
B1192,2026-02-25,2026-02-26,2026-02-28,2,H02,Rynok Hotel,Lviv,Ukraine,3,15,Deluxe,G20,Booking.com,Card,Y,1,113,226,Completed
B1034,2025-05-24,2025-06-07,2025-06-14,7,H01,Dnipro Plaza,Kyiv,Ukraine,4,20,standard,G14,Travel Agent,Cash,Y,1,81,567,Completed
B1389,2026-03-03,2026-03-05,2026-03-10,5,H02,Rynok Hotel,Lviv,Ukraine,3,15,Suite,G08,Direct,Card,N,1,139,695,Completed
B1188,2025-11-14,2025-11-14,2025-11-15,1,H02,Rynok Hotel,Lviv,Ukraine,3,15,Standard,G19,Booking.com,Card,N,1,74,74,Completed
B1104,2026-06-04,2026-06-18,2026-06-22,4,H02,Rynok Hotel,Lviv,Ukraine,3,15,Suite,G02,Booking.com,Card,N,2,139,556,Completed
B1289,2025-01-27,2025-01-28,2025-01-31,3,H04,Wawel Inn,Krakow,Poland,3,12,Deluxe,G14,Booking.com,Card,N,1,93,279,Completed
B1298,2026-03-21,2026-03-22,2026-03-23,1,H01,Dnipro Plaza,Kyiv,Ukraine,4,20,Suite,G16,Direct,Card,Y,2,189,189,Completed
B1285,2025-09-16,2025-09-16,2025-09-19,3,H01,Dnipro Plaza,Kyiv,Ukraine,4,20,Suite,G10,Travel Agent,Card,N,3,176,528,Completed
B1373,2025-12-26,2026-01-02,2026-01-04,2,H01,Dnipro Plaza,Kyiv,Ukraine,4,20,Standard,G19,Direct,Card,N,2,83,166,Completed
B1360,2025-08-02,2025-08-02,2025-08-03,1,H04,Wawel Inn,Krakow,Poland,3,12,Standard,G14,Travel Agent,Card,Y,2,56,56,Completed
B1243,2026-01-01,2026-01-22,2026-01-23,1,H03,Vistula Grand,Warsaw,Poland,5,25,Standard,G20,Booking.com,Card,Y,1,131,131,Cancelled
B1198,2025-06-07,2025-06-10,2025-06-17,7,H04,Wawel Inn,Krakow,Poland,3,12,deluxe,G17,Travel Agent,Cash,Y,1,87,609,Completed
B1390,2026-04-09,2026-04-23,2026-04-25,2,H02,Rynok Hotel,Lviv,Ukraine,3,15,Standard,G14,Booking.com,Card,Y,1,83,166,Cancelled
B1047,2025-08-25,2025-09-15,2025-09-20,5,H04,Wawel Inn,Krakow,Poland,3,12,deluxe,G15,Direct,Cash,N,1,76,380,Completed
B1060,2026-03-24,2026-03-25,2026-03-26,1,H03,Vistula Grand,Warsaw,Poland,5,25,Suite,G09,Direct,Cash,Y,2,308,308,Completed
B1393,2025-09-17,2025-10-01,2025-10-02,1,H03,Vistula Grand,Warsaw,Poland,5,25,Suite,G17,Booking.com,Card,N,2,252,252,Completed
B1125,2025-01-21,2025-02-04,2025-02-06,2,H02,Rynok Hotel,Lviv,Ukraine,3,15,Suite,G16,Direct,Cash,Y,1,140,280,Completed
B1064,2026-06-01,2026-06-02,2026-06-03,1,H02,Rynok Hotel,Lviv,Ukraine,3,15,Deluxe,G15,Direct,Card,Y,1,111,111,Confirmed
B1331,2025-12-22,2025-12-24,2025-12-25,1,H01,Dnipro Plaza,Kyiv,Ukraine,4,20,Standard,G10,Travel Agent,Card,Y,2,89,89,Cancelled
B1358,2025-01-19,2025-02-09,2025-02-13,4,H01,Dnipro Plaza,Kyiv,Ukraine,4,20,Suite,G20,Direct,Card,N,1,167,668,Confirmed
B1219,2025-02-08,2025-02-15,2025-02-16,1,H03,Vistula Grand,Warsaw,Poland,5,25,Suite,G13,Booking.com,Card,Y,1,305,305,Completed
B1365,2025-06-16,2025-07-07,2025-07-11,4,H03,Vistula Grand,Warsaw,Poland,5,25,Deluxe,G18,Direct,Cash,Y,1,208,832,Completed
B1089,2025-07-17,2025-07-17,2025-07-22,5,H01,Dnipro Plaza,Kyiv,Ukraine,4,20,Suite,G20,Direct,Cash,N,2,207,1035,Completed
B1123,2026-02-19,2026-02-19,2026-02-22,3,H04,Wawel Inn,Krakow,Poland,3,12,Suite,G08,Travel Agent,Cash,Y,2,129,387,Completed
B1087,2026-05-10,2026-05-17,2026-05-18,1,H04,Wawel Inn,Krakow,Poland,3,12,Standard,G08,Travel Agent,Card,N,2,70,70,Completed
B1209,2026-04-24,2026-04-29,2026-05-01,2,H04,Wawel Inn,Krakow,Poland,3,12,Standard,G05,Direct,Cash,Y,2,59,118,Completed
B1386,2026-06-08,2026-06-29,2026-07-02,3,H02,Rynok Hotel,Lviv,Ukraine,3,15,Suite,G07,Direct,Cash,N,3,164,492,Completed
B1084,2026-01-08,2026-01-11,2026-01-13,2,H04,Wawel Inn,Krakow,Poland,3,12,standard,G06,Booking.com,Card,N,1,71,142,Completed
B1309,2025-01-06,2025-01-27,2025-01-29,2,H03,Vistula Grand,Warsaw,Poland,5,25,Standard,G05,Direct,Card,N,1,121,242,Completed
B1037,2025-07-25,2025-07-28,2025-07-30,2,H01,Dnipro Plaza,Kyiv,Ukraine,4,20,standard,G13,Direct,Card,Y,1,88,176,Completed
B1326,2026-06-11,2026-06-25,2026-06-26,1,H03,Vistula Grand,Warsaw,Poland,5,25,Suite,G15,Travel Agent,Cash,N,3,266,266,Completed
B1272,2026-03-17,2026-03-18,2026-03-21,3,H01,Dnipro Plaza,Kyiv,Ukraine,4,20,Deluxe,G16,Direct,Card,Y,2,116,348,Completed
B1070,2026-02-19,2026-02-19,2026-02-21,2,H04,Wawel Inn,Krakow,Poland,3,12,Standard,G07,Direct,Cash,Y,3,68,136,Completed
B1148,2025-01-19,2025-01-24,2025-01-27,3,H02,Rynok Hotel,Lviv,Ukraine,3,15,Deluxe,G12,Direct,Card,Y,2,110,330,Completed
B1017,2026-02-10,2026-03-03,2026-03-05,2,H01,Dnipro Plaza,Kyiv,Ukraine,4,20,Suite,G05,Direct,Card,N,2,171,342,Completed
B1308,2026-02-27,2026-03-01,2026-03-03,2,H03,Vistula Grand,Warsaw,Poland,5,25,Standard,G12,Travel Agent,Card,Y,2,132,264,Completed
B1049,2025-01-13,2025-01-18,2025-01-20,2,H01,Dnipro Plaza,Kyiv,Ukraine,4,20,deluxe,G12,Travel Agent,Card,N,2,128,256,Confirmed
B1202,2025-09-30,2025-10-02,2025-10-05,3,H04,Wawel Inn,Krakow,Poland,3,12,Suite,G01,Direct,Card,Y,1,112,336,Cancelled
B1075,2025-04-18,2025-04-19,2025-04-21,2,H01,Dnipro Plaza,Kyiv,Ukraine,4,20,Standard,G15,Booking.com,Card,Y,1,84,168,Completed
B1044,2026-05-09,2026-05-09,2026-05-11,2,H01,Dnipro Plaza,Kyiv,Ukraine,4,20,Suite,G10,Booking.com,Card,N,2,174,348,Completed
B1332,2026-01-04,2026-01-06,2026-01-08,2,H04,Wawel Inn,Krakow,Poland,3,12,Standard,G13,Booking.com,Card,Y,2,65,130,Completed
B1322,2025-12-29,2026-01-12,2026-01-16,4,H01,Dnipro Plaza,Kyiv,Ukraine,4,20,Deluxe,G06,Booking.com,Card,N,2,126,504,Completed
B1175,2026-05-20,2026-05-21,2026-05-22,1,H04,Wawel Inn,Krakow,Poland,3,12,standard,G08,Booking.com,Card,Y,2,70,70,Cancelled
B1394,2025-02-28,2025-03-21,2025-03-22,1,H03,Vistula Grand,Warsaw,Poland,5,25,Standard,G06,Booking.com,Card,N,3,134,134,Confirmed
B1154,2025-05-31,2025-06-05,2025-06-12,7,H04,Wawel Inn,Krakow,Poland,3,12,Deluxe,G13,Travel Agent,Cash,Y,2,89,623,Confirmed
B1018,2026-05-01,2026-05-08,2026-05-09,1,H02,Rynok Hotel,Lviv,Ukraine,3,15,Standard,G17,Travel Agent,Card,Y,2,63,63,Confirmed
B1239,2026-05-31,2026-06-01,2026-06-04,3,H01,Dnipro Plaza,Kyiv,Ukraine,4,20,Deluxe,G18,Booking.com,Card,Y,3,145,435,Completed
B1033,2026-03-19,2026-04-09,2026-04-11,2,H04,Wawel Inn,Krakow,Poland,3,12,suite,G11,Direct,Card,Y,2,119,238,Completed
B1067,2025-07-09,2025-07-30,2025-07-31,1,H04,Wawel Inn,Krakow,Poland,3,12,Deluxe,G06,Booking.com,Card,Y,1,100,100,Completed
B1286,2025-09-29,2025-10-20,2025-10-21,1,H04,Wawel Inn,Krakow,Poland,3,12,Standard,G10,Booking.com,Card,N,3,58,58,Completed
B1020,2025-12-29,2026-01-19,2026-01-22,3,H04,Wawel Inn,Krakow,Poland,3,12,Suite,G15,Direct,Card,Y,2,113,339,Confirmed
B1069,2025-02-20,2025-03-13,2025-03-14,1,H04,Wawel Inn,Krakow,Poland,3,12,Standard,G01,Travel Agent,Cash,N,1,60,60,Completed
B1143,2026-05-02,2026-05-02,2026-05-06,4,H04,Wawel Inn,Krakow,Poland,3,12,Suite,G07,Travel Agent,Card,Y,2,113,452,Completed
B1045,2025-05-02,2025-05-05,2025-05-07,2,H01,Dnipro Plaza,Kyiv,Ukraine,4,20,Deluxe,G03,Booking.com,Card,N,3,114,228,Completed
B1234,2026-06-14,2026-07-05,2026-07-07,2,H02,Rynok Hotel,Lviv,Ukraine,3,15,Deluxe,G02,Travel Agent,Card,N,2,116,232,Completed
B1054,2026-05-28,2026-06-18,2026-06-21,3,H04,Wawel Inn,Krakow,Poland,3,12,Deluxe,G14,Booking.com,Card,Y,2,101,303,Completed
B1027,2025-12-06,2025-12-11,2025-12-13,2,H01,Dnipro Plaza,Kyiv,Ukraine,4,20,standard,G03,Direct,Card,N,1,108,216,Cancelled
B1357,2025-01-01,2025-01-01,2025-01-03,2,H04,Wawel Inn,Krakow,Poland,3,12,standard,G18,Direct,Card,N,1,71,142,Completed
B1229,2025-07-08,2025-07-15,2025-07-17,2,H03,Vistula Grand,Warsaw,Poland,5,25,Standard,G09,Booking.com,Card,Y,1,138,276,Completed
B1274,2025-08-18,2025-08-19,2025-08-21,2,H02,Rynok Hotel,Lviv,Ukraine,3,15,Standard,G07,Direct,Card,Y,2,69,138,Completed
B1191,2025-07-27,2025-08-01,2025-08-05,4,H01,Dnipro Plaza,Kyiv,Ukraine,4,20,Suite,G09,Booking.com,Card,Y,2,208,832,Completed
B1215,2025-05-16,2025-05-21,2025-05-22,1,H03,Vistula Grand,Warsaw,Poland,5,25,Suite,G14,Travel Agent,Cash,Y,2,296,296,Completed
B1245,2025-09-22,2025-09-24,2025-09-25,1,H03,Vistula Grand,Warsaw,Poland,5,25,Suite,G18,Direct,Cash,N,3,286,286,Completed
B1163,2025-03-02,2025-03-02,2025-03-06,4,H01,Dnipro Plaza,Kyiv,Ukraine,4,20,Deluxe,G02,Travel Agent,Cash,Y,1,143,572,Confirmed
B1231,2025-05-22,2025-06-12,2025-06-15,3,H04,Wawel Inn,Krakow,Poland,3,12,Standard,G16,Booking.com,Card,Y,1,72,216,Completed
B1378,2026-05-19,2026-05-20,2026-05-22,2,H04,Wawel Inn,Krakow,Poland,3,12,Deluxe,G15,Direct,Cash,Y,1,99,198,Completed
B1377,2025-09-27,2025-09-27,2025-09-28,1,H04,Wawel Inn,Krakow,Poland,3,12,Deluxe,G15,Direct,Cash,N,1,82,82,Completed
B1130,2025-08-20,2025-08-22,2025-08-24,2,H04,Wawel Inn,Krakow,Poland,3,12,Deluxe,G16,Travel Agent,Card,N,2,101,202,Completed
B1035,2026-01-26,2026-01-31,2026-02-03,3,H03,Vistula Grand,Warsaw,Poland,5,25,Standard,G15,Direct,Cash,Y,1,135,405,Cancelled
B1248,2026-04-24,2026-05-01,2026-05-04,3,H04,Wawel Inn,Krakow,Poland,3,12,Deluxe,G19,Booking.com,Card,N,1,84,252,Completed
B1224,2025-06-08,2025-06-29,2025-07-03,4,H04,Wawel Inn,Krakow,Poland,3,12,Standard,G01,Booking.com,Card,N,2,56,224,Completed
B1199,2025-03-18,2025-03-23,2025-03-25,2,H01,Dnipro Plaza,Kyiv,Ukraine,4,20,Suite,G17,Travel Agent,Cash,N,2,210,420,Completed
B1320,2025-12-17,2025-12-31,2026-01-02,2,H01,Dnipro Plaza,Kyiv,Ukraine,4,20,standard,G20,Booking.com,Card,N,2,99,198,Completed
B1036,2025-11-28,2025-12-01,2025-12-02,1,H03,Vistula Grand,Warsaw,Poland,5,25,Standard,G13,Direct,Cash,Y,2,131,131,Completed
B1055,2025-06-28,2025-07-05,2025-07-08,3,H03,Vistula Grand,Warsaw,Poland,5,25,Standard,G01,Travel Agent,Card,N,1,131,393,Confirmed
B1039,2025-05-29,2025-05-29,2025-06-02,4,H04,Wawel Inn,Krakow,Poland,3,12,Suite,G17,Travel Agent,Card,Y,2,133,532,Completed
B1366,2026-01-01,2026-01-08,2026-01-09,1,H02,Rynok Hotel,Lviv,Ukraine,3,15,Deluxe,G04,Travel Agent,Card,Y,2,112,112,Completed
B1271,2026-02-11,2026-02-18,2026-02-25,7,H01,Dnipro Plaza,Kyiv,Ukraine,4,20,Suite,G02,Travel Agent,Card,Y,2,175,1225,Completed
B1244,2025-09-06,2025-09-11,2025-09-13,2,H04,Wawel Inn,Krakow,Poland,3,12,Standard,G04,Travel Agent,Cash,Y,2,69,138,Completed
B1186,2025-03-03,2025-03-08,2025-03-09,1,H02,Rynok Hotel,Lviv,Ukraine,3,15,Deluxe,G14,Direct,Cash,N,1,92,92,Confirmed
B1267,2026-03-12,2026-03-17,2026-03-19,2,H04,Wawel Inn,Krakow,Poland,3,12,Standard,G09,Direct,Cash,Y,2,72,144,Completed
B1260,2025-04-03,2025-04-10,2025-04-14,4,H04,Wawel Inn,Krakow,Poland,3,12,Deluxe,G20,Travel Agent,Card,N,1,89,356,Completed
B1062,2026-02-26,2026-03-03,2026-03-04,1,H02,Rynok Hotel,Lviv,Ukraine,3,15,Deluxe,G03,Travel Agent,Cash,N,1,114,114,Completed
B1165,2026-01-24,2026-01-26,2026-01-28,2,H02,Rynok Hotel,Lviv,Ukraine,3,15,Suite,G07,Booking.com,Card,Y,1,163,326,Confirmed
B1102,2025-01-12,2025-01-12,2025-01-15,3,H03,Vistula Grand,Warsaw,Poland,5,25,Suite,,Booking.com,Card,N,1,284,852,Cancelled
B1382,2026-01-05,2026-01-06,2026-01-07,1,H04,Wawel Inn,Krakow,Poland,3,12,Deluxe,G17,Travel Agent,Card,Y,2,82,82,Completed
B1237,2025-04-27,2025-04-30,2025-05-01,1,H02,Rynok Hotel,Lviv,Ukraine,3,15,Suite,G04,Direct,Cash,Y,2,157,157,Completed
B1126,2025-06-14,2025-06-17,2025-06-19,2,H01,Dnipro Plaza,Kyiv,Ukraine,4,20,Suite,G17,Direct,Cash,Y,2,187,374,Confirmed
B1323,2025-09-05,2025-09-06,2025-09-07,1,H01,Dnipro Plaza,Kyiv,Ukraine,4,20,Deluxe,G09,Direct,Cash,N,3,145,145,Completed
B1090,2025-11-10,2025-11-24,2025-11-26,2,H02,Rynok Hotel,Lviv,Ukraine,3,15,Deluxe,G15,Booking.com,Card,N,1,100,200,Completed
B1078,2026-06-04,2026-06-07,2026-06-10,3,H01,Dnipro Plaza,Kyiv,Ukraine,4,20,suite,G01,Direct,Card,N,3,187,561,Completed
B1122,2025-01-13,2025-01-27,2025-02-01,5,H04,Wawel Inn,Krakow,Poland,3,12,Suite,,Travel Agent,Cash,Y,1,116,580,Completed
B1264,2025-06-15,2025-06-15,2025-06-17,2,H02,Rynok Hotel,Lviv,Ukraine,3,15,Deluxe,G07,Booking.com,Card,N,3,117,234,Completed
B1167,2025-08-28,2025-09-18,2025-09-19,1,H03,Vistula Grand,Warsaw,Poland,5,25,Standard,G06,Travel Agent,Card,N,2,130,130,Completed
B1026,2026-03-08,2026-03-11,2026-03-13,2,H01,Dnipro Plaza,Kyiv,Ukraine,4,20,Suite,G18,Booking.com,Card,N,2,182,364,Completed
B1151,2026-01-07,2026-01-09,2026-01-12,3,H04,Wawel Inn,Krakow,Poland,3,12,Deluxe,G09,Booking.com,Card,N,1,85,255,Completed
B1046,2025-08-04,2025-08-05,2025-08-08,3,H02,Rynok Hotel,Lviv,Ukraine,3,15,Suite,,Booking.com,Card,N,3,148,444,Completed
B1372,2026-04-01,2026-04-02,2026-04-07,5,H04,Wawel Inn,Krakow,Poland,3,12,Deluxe,G13,Direct,Card,Y,1,84,420,Completed
B1312,2025-06-25,2025-06-27,2025-07-01,4,H01,Dnipro Plaza,Kyiv,Ukraine,4,20,Deluxe,G10,Travel Agent,Card,Y,1,128,512,Completed
B1029,2026-05-22,2026-05-29,2026-05-30,1,H01,Dnipro Plaza,Kyiv,Ukraine,4,20,suite,G01,Direct,Cash,Y,2,172,172,Completed
B1157,2025-07-13,2025-07-16,2025-07-17,1,H02,Rynok Hotel,Lviv,Ukraine,3,15,Suite,G13,Travel Agent,Cash,Y,1,138,138,Cancelled
B1387,2025-08-20,2025-08-27,2025-08-28,1,H02,Rynok Hotel,Lviv,Ukraine,3,15,Deluxe,G19,Travel Agent,Card,N,2,100,100,Completed
B1162,2026-06-03,2026-06-17,2026-06-18,1,H02,Rynok Hotel,Lviv,Ukraine,3,15,Deluxe,G06,Travel Agent,Card,Y,3,117,117,Cancelled
B1204,2025-10-01,2025-10-02,2025-10-07,5,H01,Dnipro Plaza,Kyiv,Ukraine,4,20,Deluxe,G01,Travel Agent,Cash,Y,1,121,605,Completed
B1159,2025-01-22,2025-01-23,2025-01-24,1,H04,Wawel Inn,Krakow,Poland,3,12,Suite,G09,Booking.com,Card,N,1,128,128,Completed
B1349,2025-11-20,2025-11-27,2025-11-29,2,H01,Dnipro Plaza,Kyiv,Ukraine,4,20,Suite,G14,Booking.com,Card,Y,2,171,342,Completed
B1174,2025-07-16,2025-07-21,2025-07-22,1,H01,Dnipro Plaza,Kyiv,Ukraine,4,20,Suite,G02,Booking.com,Card,N,1,202,202,Confirmed
B1238,2026-05-17,2026-05-20,2026-05-23,3,H02,Rynok Hotel,Lviv,Ukraine,3,15,Suite,G14,Direct,Card,Y,2,150,450,Completed
B1116,2025-03-24,2025-04-14,2025-04-18,4,H01,Dnipro Plaza,Kyiv,Ukraine,4,20,Suite,G13,Direct,Cash,Y,2,180,720,Completed
B1032,2025-07-02,2025-07-07,2025-07-09,2,H01,Dnipro Plaza,Kyiv,Ukraine,4,20,Deluxe,G17,Direct,Card,N,1,115,230,Completed
B1081,2025-07-28,2025-07-28,2025-08-01,4,H04,Wawel Inn,Krakow,Poland,3,12,Suite,G03,Travel Agent,Cash,Y,1,121,484,Completed
B1068,2025-12-26,2026-01-09,2026-01-16,7,H01,Dnipro Plaza,Kyiv,Ukraine,4,20,suite,G12,Direct,Cash,N,2,214,1498,Completed
B1134,2025-04-14,2025-04-16,2025-04-21,5,H02,Rynok Hotel,Lviv,Ukraine,3,15,Deluxe,G13,Direct,Card,Y,2,98,490,Completed
B1119,2025-08-25,2025-08-27,2025-08-29,2,H02,Rynok Hotel,Lviv,Ukraine,3,15,Suite,G20,Booking.com,Card,Y,2,134,268,Cancelled
B1160,2025-05-15,2025-05-20,2025-05-24,4,H03,Vistula Grand,Warsaw,Poland,5,25,standard,G03,Booking.com,Card,Y,1,156,624,Completed
B1105,2026-03-24,2026-04-14,2026-04-15,1,H04,Wawel Inn,Krakow,Poland,3,12,Standard,G08,Direct,Cash,Y,1,58,58,Confirmed
B1095,2025-09-18,2025-10-09,2025-10-10,1,H03,Vistula Grand,Warsaw,Poland,5,25,Suite,G12,Booking.com,Card,Y,1,273,273,Completed
B1398,2025-06-14,2025-06-28,2025-06-30,2,H03,Vistula Grand,Warsaw,Poland,5,25,Suite,G19,Travel Agent,Card,Y,1,284,568,Confirmed
B1315,2025-06-01,2025-06-03,2025-06-04,1,H03,Vistula Grand,Warsaw,Poland,5,25,Standard,G03,Direct,Cash,Y,2,125,125,Completed
B1233,2025-06-30,2025-07-02,2025-07-04,2,H01,Dnipro Plaza,Kyiv,Ukraine,4,20,Deluxe,G19,Travel Agent,Cash,Y,2,144,288,Completed
B1354,2026-05-12,2026-05-15,2026-05-16,1,H02,Rynok Hotel,Lviv,Ukraine,3,15,Deluxe,G19,Direct,Card,Y,3,99,99,Completed
B1368,2026-06-16,2026-06-17,2026-06-20,3,H02,Rynok Hotel,Lviv,Ukraine,3,15,deluxe,G14,Direct,Cash,Y,3,110,330,Completed
B1328,2025-06-05,2025-06-26,2025-06-27,1,H03,Vistula Grand,Warsaw,Poland,5,25,Deluxe,G05,Booking.com,Card,Y,2,171,171,Completed
B1109,2025-03-21,2025-03-23,2025-03-24,1,H01,Dnipro Plaza,Kyiv,Ukraine,4,20,Standard,G05,Direct,Cash,Y,1,84,84,Completed
B1149,2026-05-26,2026-06-16,2026-06-19,3,H03,Vistula Grand,Warsaw,Poland,5,25,Standard,G01,Direct,Card,Y,1,145,435,Completed
B1263,2025-01-29,2025-01-31,2025-02-01,1,H02,Rynok Hotel,Lviv,Ukraine,3,15,Suite,G20,Booking.com,Card,N,2,159,159,Cancelled
B1114,2025-08-10,2025-08-11,2025-08-14,3,H03,Vistula Grand,Warsaw,Poland,5,25,Standard,G10,Travel Agent,Card,Y,1,134,402,Completed
B1013,2026-05-30,2026-06-06,2026-06-09,3,H02,Rynok Hotel,Lviv,Ukraine,3,15,Standard,,Travel Agent,Card,N,1,80,240,Completed
B1384,2025-07-06,2025-07-09,2025-07-10,1,H04,Wawel Inn,Krakow,Poland,3,12,Suite,G10,Direct,Card,N,3,111,111,Confirmed
B1118,2025-02-04,2025-02-11,2025-02-14,3,H02,Rynok Hotel,Lviv,Ukraine,3,15,deluxe,G06,Travel Agent,Cash,N,2,108,324,Confirmed
B1016,2025-05-03,2025-05-17,2025-05-21,4,H02,Rynok Hotel,Lviv,Ukraine,3,15,Deluxe,G11,Booking.com,Card,Y,2,114,456,Cancelled
B1030,2025-08-16,2025-08-17,2025-08-19,2,H01,Dnipro Plaza,Kyiv,Ukraine,4,20,Deluxe,G09,Travel Agent,Cash,Y,1,114,228,Completed
B1371,2025-04-26,2025-05-17,2025-05-20,3,H03,Vistula Grand,Warsaw,Poland,5,25,Deluxe,G10,Direct,Cash,N,2,174,522,Completed
B1170,2025-07-26,2025-08-02,2025-08-04,2,H03,Vistula Grand,Warsaw,Poland,5,25,Standard,G10,Direct,Cash,N,3,153,306,Completed
B1273,2025-08-18,2025-08-20,2025-08-23,3,H01,Dnipro Plaza,Kyiv,Ukraine,4,20,Suite,G03,Booking.com,Card,N,3,181,543,Confirmed
B1268,2025-12-06,2025-12-06,2025-12-08,2,H02,Rynok Hotel,Lviv,Ukraine,3,15,Standard,,Travel Agent,Cash,Y,3,70,140,Completed
B1217,2025-02-10,2025-02-12,2025-02-14,2,H03,Vistula Grand,Warsaw,Poland,5,25,standard,G06,Direct,Cash,Y,2,132,264,Completed
B1257,2025-10-05,2025-10-05,2025-10-08,3,H01,Dnipro Plaza,Kyiv,Ukraine,4,20,standard,G16,Travel Agent,Card,N,2,90,270,Confirmed
B1133,2025-11-29,2025-12-01,2025-12-03,2,H03,Vistula Grand,Warsaw,Poland,5,25,suite,G07,Travel Agent,Card,Y,2,279,558,Completed
B1385,2025-11-08,2025-11-15,2025-11-18,3,H01,Dnipro Plaza,Kyiv,Ukraine,4,20,deluxe,G12,Direct,Card,N,1,114,342,Completed
B1124,2026-04-10,2026-04-24,2026-04-26,2,H01,Dnipro Plaza,Kyiv,Ukraine,4,20,Deluxe,G06,Booking.com,Card,N,2,123,246,Completed
B1235,2026-03-08,2026-03-15,2026-03-17,2,H02,Rynok Hotel,Lviv,Ukraine,3,15,Deluxe,G07,Travel Agent,Card,Y,2,114,228,Completed
B1325,2025-06-29,2025-06-30,2025-07-05,5,H04,Wawel Inn,Krakow,Poland,3,12,Suite,G12,Booking.com,Card,Y,3,137,685,Confirmed
B1056,2025-08-04,2025-08-18,2025-08-20,2,H01,Dnipro Plaza,Kyiv,Ukraine,4,20,Deluxe,G05,Booking.com,Card,Y,1,124,248,Confirmed
B1111,2025-02-04,2025-02-04,2025-02-09,5,H01,Dnipro Plaza,Kyiv,Ukraine,4,20,Suite,G04,Booking.com,Card,Y,1,196,980,Confirmed
B1299,2025-10-29,2025-11-01,2025-11-03,2,H02,Rynok Hotel,Lviv,Ukraine,3,15,Standard,G17,Travel Agent,Card,Y,2,79,158,Completed
B1099,2025-08-15,2025-08-17,2025-08-19,2,H04,Wawel Inn,Krakow,Poland,3,12,Deluxe,G16,Direct,Card,Y,2,89,178,Completed
B1007,2025-08-26,2025-08-29,2025-08-30,1,H02,Rynok Hotel,Lviv,Ukraine,3,15,Deluxe,G18,Direct,Cash,N,2,96,96,Completed
B1071,2025-10-06,2025-10-13,2025-10-20,7,H01,Dnipro Plaza,Kyiv,Ukraine,4,20,Deluxe,G09,Travel Agent,Cash,N,1,142,994,Confirmed
B1223,2025-11-03,2025-11-05,2025-11-10,5,H02,Rynok Hotel,Lviv,Ukraine,3,15,Suite,G04,Booking.com,Card,N,2,150,750,Completed
B1290,2026-02-12,2026-03-05,2026-03-06,1,H01,Dnipro Plaza,Kyiv,Ukraine,4,20,Suite,G18,Direct,Cash,Y,3,175,175,Completed
B1242,2025-06-22,2025-06-29,2025-07-02,3,H03,Vistula Grand,Warsaw,Poland,5,25,suite,G04,Booking.com,Card,Y,1,287,861,Confirmed
B1340,2025-02-04,2025-02-18,2025-02-23,5,H02,Rynok Hotel,Lviv,Ukraine,3,15,Suite,G20,Travel Agent,Cash,N,2,156,780,Confirmed
B1048,2025-12-19,2026-01-02,2026-01-04,2,H03,Vistula Grand,Warsaw,Poland,5,25,Standard,G13,Booking.com,Card,Y,3,130,260,Completed
