snapshot_date,guest_code,first_name,last_name,city,country,loyalty_tier
2025-01-01,G01,Olena,Kovalenko,Warsaw,Ukraine,Silver
2025-01-01,G02,Ihor,Shevchenko,Kyiv,Ukraine,Gold
2025-01-01,G03,Marta,Melnyk,Kyiv,Poland,Standard
2025-01-01,G04,Petro,Bondarenko,Kyiv,Germany,Standard
2025-01-01,G05,Sofia,Tkachenko,Kyiv,Ukraine,Silver
2025-01-01,G06,Andrii,Nowak,Krakow,Ukraine,Standard
2025-01-01,G07,Kateryna,Kowalski,Kyiv,Germany,Silver
2025-01-01,G08,Dmytro,Wisniewski,Kyiv,Germany,Silver
2025-01-01,G09,Anna,Schmidt,Lviv,Germany,Gold
2025-01-01,G10,Taras,Novak,Berlin,Ukraine,Gold
2025-01-01,G11,Julia,Petrenko,Berlin,Poland,Standard
2025-01-01,G12,Marek,Lysenko,Lviv,Ukraine,Gold
2025-01-01,G13,Ewa,Zajac,Lviv,Poland,Silver
2025-01-01,G14,Piotr,Dabrowski,Lviv,Germany,Standard
2025-01-01,G15,Lukas,Fischer,Berlin,Poland,Standard
2025-01-01,G16,Hanna,Marchenko,Lviv,Ukraine,Gold
2025-01-01,G17,Nina,Savchuk,Berlin,Germany,Standard
2025-01-01,G18,Yurii,Rudenko,Warsaw,Ukraine,Gold
2025-01-01,G19,Oksana,Ostrowski,Kyiv,Germany,Standard
2025-01-01,G20,Roman,Weber,Berlin,Ukraine,Silver
2026-01-01,G01,Olena,Kovalenko,Warsaw,Ukraine,Silver
2026-01-01,G02,Ihor,Shevchenko,Kyiv,Ukraine,Gold
2026-01-01,G03,Marta,Melnyk,Kyiv,Poland,Silver
2026-01-01,G04,Petro,Bondarenko,Kyiv,Germany,Standard
2026-01-01,G05,Sofia,Tkachenko,Kyiv,Ukraine,Silver
2026-01-01,G06,Andrii,Nowak,Krakow,Ukraine,Standard
2026-01-01,G07,Kateryna,Kowalski,Berlin,Germany,Silver
2026-01-01,G08,Dmytro,Wisniewski,Kyiv,Germany,Gold
2026-01-01,G09,Anna,Schmidt,Lviv,Germany,Gold
2026-01-01,G10,Taras,Novak,Berlin,Ukraine,Gold
2026-01-01,G11,Julia,Petrenko,Berlin,Poland,Standard
2026-01-01,G12,Marek,Lysenko,Krakow,Ukraine,Gold
2026-01-01,G13,Ewa,Zajac,Lviv,Poland,Silver
2026-01-01,G14,Piotr,Dabrowski,Lviv,Germany,Standard
2026-01-01,G15,Lukas,Fischer,Berlin,Poland,Gold
2026-01-01,G16,Hanna,Marchenko,Lviv,Ukraine,Gold
2026-01-01,G17,Nina,Savchuk,Berlin,Germany,Standard
2026-01-01,G18,Yurii,Rudenko,Warsaw,Ukraine,Gold
2026-01-01,G19,Oksana,Ostrowski,Berlin,Germany,Standard
2026-01-01,G20,Roman,Weber,Berlin,Ukraine,Silver
